{
  "generator-jhipster": {
    "applicationType": "monolith",
    "authenticationType": "jwt",
    "baseName": "freteapp",
    "blueprints": [],
    "buildTool": "maven",
    "cacheProvider": "caffeine",
    "clientFramework": "angularX",
    "clientPackageManager": "npm",
    "clientTheme": "lux",
    "clientThemeVariant": "light",
    "creationTimestamp": 1661740673311,
    "databaseType": "sql",
    "devDatabaseType": "postgresql",
    "devServerPort": 4200,
    "dtoSuffix": "DTO",
    "enableGradleEnterprise": false,
    "enableHibernateCache": true,
    "enableSwaggerCodegen": false,
    "enableTranslation": false,
    "entities": [
      "Perfil",
      "PerfilAnexos",
      "Ofertas",
      "Solicitacao",
      "CategoriaVeiculo",
      "Frota",
      "RotasOfertas",
      "WhatsMessageBatch",
      "SettingsCargaApp",
      "SettingsContracts"
    ],
    "entitySuffix": "",
    "jhiPrefix": "jhi",
    "jhipsterVersion": "7.9.2",
    "jwtSecretKey": "OWVhYjg5MWJmNjUyMjBkOTNhZTZiZTczODQ4MzhhMWM2YjMxNmE5M2NmODFjOTg0YTUwOWViYjA3MDgxYTgyMWIwNmJhYTkwZGNhMGUyMzc2YzNmN2NjOGJjOWU1YzdmOTlmMzIxNjM4ZWY3NmE4OTc3OWNjYTc5NzBjYTAxYjc=",
    "languages": ["en", "fr"],
    "lastLiquibaseTimestamp": 1667573751000,
    "messageBroker": false,
    "microfrontend": false,
    "microfrontends": [],
    "nativeLanguage": "pt-br",
    "otherModules": [],
    "packageName": "com.infocargas.freteapp",
    "pages": [],
    "prodDatabaseType": "postgresql",
    "reactive": false,
    "searchEngine": false,
    "serverPort": "8080",
    "serverSideOptions": [],
    "serviceDiscoveryType": "eureka",
    "skipCheckLengthOfIdentifier": false,
    "skipFakeData": false,
    "skipUserManagement": false,
    "testFrameworks": [],
    "websocket": false,
    "withAdminUi": true
  }
}
