<?xml version="1.0" encoding="utf-8"?>
<databaseChangeLog
    xmlns="http://www.liquibase.org/xml/ns/dbchangelog"
    xmlns:ext="http://www.liquibase.org/xml/ns/dbchangelog-ext"
    xmlns:xsi="http://www.w3.org/2001/XMLSchema-instance"
    xsi:schemaLocation="http://www.liquibase.org/xml/ns/dbchangelog http://www.liquibase.org/xml/ns/dbchangelog/dbchangelog-latest.xsd
                        http://www.liquibase.org/xml/ns/dbchangelog-ext http://www.liquibase.org/xml/ns/dbchangelog/dbchangelog-ext.xsd">

    <!--
        Added the entity Perfil.
    -->
    <changeSet id="20220829041801-1" author="jhipster">
        <createTable tableName="perfil">
            <column name="id" type="bigint">
                <constraints primaryKey="true" nullable="false"/>
            </column>
            <column name="tipo_conta" type="varchar(255)">
                <constraints nullable="false" />
            </column>
            <column name="cpf" type="varchar(255)">
                <constraints nullable="true" />
            </column>
            <column name="cnpj" type="varchar(255)">
                <constraints nullable="true" />
            </column>
            <column name="rua" type="varchar(255)">
                <constraints nullable="true" />
            </column>
            <column name="numero" type="varchar(255)">
                <constraints nullable="true" />
            </column>
            <column name="bairro" type="varchar(255)">
                <constraints nullable="true" />
            </column>
            <column name="cidade" type="varchar(255)">
                <constraints nullable="true" />
            </column>
            <column name="estado" type="varchar(255)">
                <constraints nullable="true" />
            </column>
            <column name="cep" type="varchar(255)">
                <constraints nullable="true" />
            </column>
            <column name="pais" type="varchar(255)">
                <constraints nullable="true" />
            </column>
            <column name="nome" type="varchar(255)">
                <constraints nullable="false" />
            </column>
            <column name="razaosocial" type="varchar(255)">
                <constraints nullable="true" />
            </column>
            <column name="telefone_comercial" type="varchar(255)">
                <constraints nullable="true" />
            </column>
            <column name="user_id" type="bigint">
                <constraints nullable="false" unique="true" uniqueConstraintName="ux_perfil__user_id" />
            </column>
            <!-- jhipster-needle-liquibase-add-column - JHipster will add columns here -->
        </createTable>
    </changeSet>

    <!-- jhipster-needle-liquibase-add-changeset - JHipster will add changesets here -->

    <!--
        Load sample data generated with Faker.js
        - This data can be easily edited using a CSV editor (or even MS Excel) and
          is located in the 'src/main/resources/config/liquibase/fake-data' directory
        - By default this data is applied when running with the JHipster 'dev' profile.
          This can be customized by adding or removing 'faker' in the 'spring.liquibase.contexts'
          Spring Boot configuration key.
    -->
    <changeSet id="20220829041801-1-data" author="jhipster" context="faker">
        <loadData
                  file="config/liquibase/fake-data/perfil.csv"
                  separator=";"
                  tableName="perfil"
                  usePreparedStatements="true">
            <column name="id" type="numeric"/>
            <column name="tipo_conta" type="string"/>
            <column name="cpf" type="string"/>
            <column name="cnpj" type="string"/>
            <column name="rua" type="string"/>
            <column name="numero" type="string"/>
            <column name="bairro" type="string"/>
            <column name="cidade" type="string"/>
            <column name="estado" type="string"/>
            <column name="cep" type="string"/>
            <column name="pais" type="string"/>
            <column name="nome" type="string"/>
            <column name="razaosocial" type="string"/>
            <column name="telefone_comercial" type="string"/>
            <column name="user_id" type="numeric"/>
            <column name="uuid_rd" type="uuid"/>
            <!-- jhipster-needle-liquibase-add-loadcolumn - JHipster (and/or extensions) can add load columns here -->
        </loadData>
    </changeSet>
    <changeSet id="1666964732130-1" author="samuel">
        <addColumn tableName="perfil">
            <column name="uuid_rd" type="UUID"/>
        </addColumn>
    </changeSet>
</databaseChangeLog>
