<?xml version="1.0" encoding="utf-8"?>
<databaseChangeLog
    xmlns="http://www.liquibase.org/xml/ns/dbchangelog"
    xmlns:ext="http://www.liquibase.org/xml/ns/dbchangelog-ext"
    xmlns:xsi="http://www.w3.org/2001/XMLSchema-instance"
    xsi:schemaLocation="http://www.liquibase.org/xml/ns/dbchangelog http://www.liquibase.org/xml/ns/dbchangelog/dbchangelog-latest.xsd
                        http://www.liquibase.org/xml/ns/dbchangelog-ext http://www.liquibase.org/xml/ns/dbchangelog/dbchangelog-ext.xsd">

    <!--
        Added the entity SettingsCargaApp.
    -->
    <changeSet id="20221103161730-1" author="jhipster">
        <createTable tableName="settings_carga_app">
            <column name="id" type="bigint">
                <constraints primaryKey="true" nullable="false"/>
            </column>
            <column name="rd_code" type="varchar(255)">
                <constraints nullable="true" />
            </column>
            <column name="wa_token" type="varchar(255)">
                <constraints nullable="true" />
            </column>
            <!-- jhipster-needle-liquibase-add-column - JHipster will add columns here -->
        </createTable>
    </changeSet>
    <changeSet id="1669928554973-1" author="samuel">
        <addColumn tableName="settings_carga_app">
            <column name="rd_app_token" type="CLOB"/>
            <column name="rd_app_refresh_token" type="CLOB"/>
        </addColumn>
    </changeSet>


    <!-- jhipster-needle-liquibase-add-changeset - JHipster will add changesets here -->

    <!--
        Load sample data generated with Faker.js
        - This data can be easily edited using a CSV editor (or even MS Excel) and
          is located in the 'src/main/resources/config/liquibase/fake-data' directory
        - By default this data is applied when running with the JHipster 'dev' profile.
          This can be customized by adding or removing 'faker' in the 'spring.liquibase.contexts'
          Spring Boot configuration key.
    -->
    <changeSet id="20221103161730-1-data" author="jhipster" context="faker">
        <loadData
                  file="config/liquibase/fake-data/settings_carga_app.csv"
                  separator=";"
                  tableName="settings_carga_app"
                  usePreparedStatements="true">
            <column name="id" type="numeric"/>
            <column name="rd_code" type="string"/>
            <column name="wa_token" type="string"/>
            <!-- jhipster-needle-liquibase-add-loadcolumn - JHipster (and/or extensions) can add load columns here -->
        </loadData>
    </changeSet>
</databaseChangeLog>
