<?xml version="1.0" encoding="utf-8"?>
<databaseChangeLog
    xmlns="http://www.liquibase.org/xml/ns/dbchangelog"
    xmlns:ext="http://www.liquibase.org/xml/ns/dbchangelog-ext"
    xmlns:xsi="http://www.w3.org/2001/XMLSchema-instance"
    xsi:schemaLocation="http://www.liquibase.org/xml/ns/dbchangelog http://www.liquibase.org/xml/ns/dbchangelog/dbchangelog-latest.xsd
                        http://www.liquibase.org/xml/ns/dbchangelog-ext http://www.liquibase.org/xml/ns/dbchangelog/dbchangelog-ext.xsd">

    <!--
        Added the entity Solicitacao.
    -->
    <changeSet id="20220909174617-1" author="jhipster">
        <createTable tableName="solicitacao">
            <column name="id" type="bigint">
                <constraints primaryKey="true" nullable="false"/>
            </column>
            <column name="data_proposta" type="${datetimeType}">
                <constraints nullable="false" />
            </column>
            <column name="data_modificacao" type="${datetimeType}">
                <constraints nullable="true" />
            </column>
            <column name="aceitar" type="varchar(255)">
                <constraints nullable="true" />
            </column>
            <column name="status" type="varchar(255)">
                <constraints nullable="false" />
            </column>
            <column name="obs" type="varchar(255)">
                <constraints nullable="true" />
            </column>
            <column name="valor_frete" type="double">
                <constraints nullable="true" />
            </column>
            <column name="ofertas_id" type="bigint">
                <constraints nullable="false" />
            </column>
            <column name="perfil_id" type="bigint">
                <constraints nullable="false" />
            </column>
            <column name="minha_oferta_id" type="bigint">
                <constraints nullable="false" />
            </column>
            <column name="requested_perfil_id" type="bigint">
                <constraints nullable="false" />
            </column>
            <!-- jhipster-needle-liquibase-add-column - JHipster will add columns here -->
        </createTable>
        <dropDefaultValue tableName="solicitacao" columnName="data_proposta" columnDataType="${datetimeType}"/>
        <dropDefaultValue tableName="solicitacao" columnName="data_modificacao" columnDataType="${datetimeType}"/>
    </changeSet>

    <!-- jhipster-needle-liquibase-add-changeset - JHipster will add changesets here -->

    <!--
        Load sample data generated with Faker.js
        - This data can be easily edited using a CSV editor (or even MS Excel) and
          is located in the 'src/main/resources/config/liquibase/fake-data' directory
        - By default this data is applied when running with the JHipster 'dev' profile.
          This can be customized by adding or removing 'faker' in the 'spring.liquibase.contexts'
          Spring Boot configuration key.
    -->
    <changeSet id="20220909174617-1-data" author="jhipster" context="faker">
        <loadData
                  file="config/liquibase/fake-data/solicitacao.csv"
                  separator=";"
                  tableName="solicitacao"
                  usePreparedStatements="true">
            <column name="id" type="numeric"/>
            <column name="data_proposta" type="date"/>
            <column name="data_modificacao" type="date"/>
            <column name="aceitar" type="string"/>
            <column name="status" type="string"/>
            <column name="obs" type="string"/>
            <column name="valor_frete" type="numeric"/>
            <column name="ofertas_id" type="numeric"/>
            <column name="perfil_id" type="numeric"/>
            <column name="minha_oferta_id" type="numeric"/>
            <column name="requested_perfil_id" type="numeric"/>
            <!-- jhipster-needle-liquibase-add-loadcolumn - JHipster (and/or extensions) can add load columns here -->
        </loadData>
    </changeSet>
</databaseChangeLog>
