<?xml version="1.0" encoding="utf-8"?>
<databaseChangeLog
    xmlns="http://www.liquibase.org/xml/ns/dbchangelog"
    xmlns:ext="http://www.liquibase.org/xml/ns/dbchangelog-ext"
    xmlns:xsi="http://www.w3.org/2001/XMLSchema-instance"
    xsi:schemaLocation="http://www.liquibase.org/xml/ns/dbchangelog http://www.liquibase.org/xml/ns/dbchangelog/dbchangelog-latest.xsd
                        http://www.liquibase.org/xml/ns/dbchangelog-ext http://www.liquibase.org/xml/ns/dbchangelog/dbchangelog-ext.xsd">

    <!--
        Added the entity Ofertas.
    -->
    <changeSet id="20220829182941-1" author="jhipster">
        <createTable tableName="ofertas">
            <column name="id" type="bigint">
                <constraints primaryKey="true" nullable="false"/>
            </column>
            <column name="data_postagem" type="${datetimeType}">
                <constraints nullable="false" />
            </column>
            <column name="quantidade" type="integer">
                <constraints nullable="false" />
            </column>
            <column name="tipo_carga" type="varchar(255)">
                <constraints nullable="false" />
            </column>
            <column name="localizacao_origem" type="${clobType}">
                <constraints nullable="false" />
            </column>
            <column name="localizacao_destino" type="${clobType}">
                <constraints nullable="false" />
            </column>
            <column name="data_coleta" type="date">
                <constraints nullable="true" />
            </column>
            <column name="data_entrega" type="${datetimeType}">
                <constraints nullable="true" />
            </column>
            <column name="data_modificacao" type="${datetimeType}">
                <constraints nullable="true" />
            </column>
            <column name="data_fechamento" type="${datetimeType}">
                <constraints nullable="true" />
            </column>
            <column name="status" type="varchar(255)">
                <constraints nullable="false" />
            </column>
            <column name="tipo_oferta" type="varchar(255)">
                <constraints nullable="false" />
            </column>
            <column name="tipo_transporte" type="varchar(255)">
                <constraints nullable="true" />
            </column>
            <column name="destino" type="varchar(255)">
                <constraints nullable="false" />
            </column>
            <column name="origem" type="varchar(255)">
                <constraints nullable="false" />
            </column>
            <column name="perfil_id" type="bigint">
                <constraints nullable="false" />
            </column>
            <!-- jhipster-needle-liquibase-add-column - JHipster will add columns here -->
        </createTable>
        <dropDefaultValue tableName="ofertas" columnName="data_postagem" columnDataType="${datetimeType}"/>
        <dropDefaultValue tableName="ofertas" columnName="data_entrega" columnDataType="${datetimeType}"/>
        <dropDefaultValue tableName="ofertas" columnName="data_modificacao" columnDataType="${datetimeType}"/>
        <dropDefaultValue tableName="ofertas" columnName="data_fechamento" columnDataType="${datetimeType}"/>
    </changeSet>

    <!-- jhipster-needle-liquibase-add-changeset - JHipster will add changesets here -->

    <!--
        Load sample data generated with Faker.js
        - This data can be easily edited using a CSV editor (or even MS Excel) and
          is located in the 'src/main/resources/config/liquibase/fake-data' directory
        - By default this data is applied when running with the JHipster 'dev' profile.
          This can be customized by adding or removing 'faker' in the 'spring.liquibase.contexts'
          Spring Boot configuration key.
    -->
    <changeSet id="20220829182941-1-data" author="jhipster" context="faker">
        <loadData
                  file="config/liquibase/fake-data/ofertas.csv"
                  separator=";"
                  tableName="ofertas"
                  usePreparedStatements="true">
            <column name="id" type="numeric"/>
            <column name="data_postagem" type="date"/>
            <column name="quantidade" type="numeric"/>
            <column name="tipo_carga" type="string"/>
            <column name="localizacao_origem" type="clob"/>
            <column name="localizacao_destino" type="clob"/>
            <column name="data_coleta" type="date"/>
            <column name="data_entrega" type="date"/>
            <column name="data_modificacao" type="date"/>
            <column name="data_fechamento" type="date"/>
            <column name="status" type="string"/>
            <column name="tipo_oferta" type="string"/>
            <column name="tipo_transporte" type="string"/>
            <column name="destino" type="string"/>
            <column name="origem" type="string"/>
            <column name="perfil_id" type="numeric"/>
            <!-- jhipster-needle-liquibase-add-loadcolumn - JHipster (and/or extensions) can add load columns here -->
        </loadData>
    </changeSet>
</databaseChangeLog>
