<?xml version="1.0" encoding="utf-8"?>
<databaseChangeLog
    xmlns="http://www.liquibase.org/xml/ns/dbchangelog"
    xmlns:ext="http://www.liquibase.org/xml/ns/dbchangelog-ext"
    xmlns:xsi="http://www.w3.org/2001/XMLSchema-instance"
    xsi:schemaLocation="http://www.liquibase.org/xml/ns/dbchangelog http://www.liquibase.org/xml/ns/dbchangelog/dbchangelog-latest.xsd
                        http://www.liquibase.org/xml/ns/dbchangelog-ext http://www.liquibase.org/xml/ns/dbchangelog/dbchangelog-ext.xsd">

    <!--
        Added the entity WhatsMessageBatch.
    -->
    <changeSet id="20221103011613-1" author="jhipster">
        <createTable tableName="whats_message_batch">
            <column name="id" type="bigint">
                <constraints primaryKey="true" nullable="false"/>
            </column>
            <column name="tipo" type="varchar(255)">
                <constraints nullable="false" />
            </column>
            <column name="waid_to" type="varchar(255)">
                <constraints nullable="false" />
            </column>
            <column name="perfil_id" type="integer">
                <constraints nullable="false" />
            </column>
            <column name="status" type="varchar(255)">
                <constraints nullable="false" />
            </column>
            <column name="oferta_id" type="bigint">
                <constraints nullable="true" />
            </column>
            <column name="tipo_oferta" type="varchar(255)">
                <constraints nullable="true" />
            </column>
            <column name="notification_date" type="${datetimeType}">
                <constraints nullable="true" />
            </column>
            <column name="created_date" type="${datetimeType}">
                <constraints nullable="true" />
            </column>
            <!-- jhipster-needle-liquibase-add-column - JHipster will add columns here -->
        </createTable>
        <dropDefaultValue tableName="whats_message_batch" columnName="notification_date" columnDataType="${datetimeType}"/>
        <dropDefaultValue tableName="whats_message_batch" columnName="created_date" columnDataType="${datetimeType}"/>
    </changeSet>

    <changeSet id="1673642349379-1" author="samuel">
        <addColumn tableName="whats_message_batch">
            <column name="status_message" type="VARCHAR(255)"/>
            <column name="date_read_status" type="timestamp with time zone"/>
            <column name="date_delivery_status" type="timestamp with time zone"/>
            <column name="date_sent_status" type="timestamp with time zone"/>
        </addColumn>
    </changeSet>


    <!-- jhipster-needle-liquibase-add-changeset - JHipster will add changesets here -->

    <!--
        Load sample data generated with Faker.js
        - This data can be easily edited using a CSV editor (or even MS Excel) and
          is located in the 'src/main/resources/config/liquibase/fake-data' directory
        - By default this data is applied when running with the JHipster 'dev' profile.
          This can be customized by adding or removing 'faker' in the 'spring.liquibase.contexts'
          Spring Boot configuration key.
    -->
    <changeSet id="20221103011613-1-data" author="jhipster" context="faker">
        <loadData
                  file="config/liquibase/fake-data/whats_message_batch.csv"
                  separator=";"
                  tableName="whats_message_batch"
                  usePreparedStatements="true">
            <column name="id" type="numeric"/>
            <column name="tipo" type="string"/>
            <column name="waid_to" type="string"/>
            <column name="perfil_id" type="numeric"/>
            <column name="status" type="string"/>
            <column name="oferta_id" type="numeric"/>
            <column name="tipo_oferta" type="string"/>
            <column name="notification_date" type="date"/>
            <column name="created_date" type="date"/>
            <!-- jhipster-needle-liquibase-add-loadcolumn - JHipster (and/or extensions) can add load columns here -->
        </loadData>
    </changeSet>
</databaseChangeLog>
